[
  {
    "id": "6289512422017@s.whatsapp.net",
    "expired": "PERMANENT"
  },
  {
    "id": "6289687694728@s.whatsapp.net",
    "expired": 1702803182538
  },
  {
    "id": "6282172794332@s.whatsapp.net",
    "expired": 1721405692893
  },
  {
    "id": "6283879680737@s.whatsapp.net",
    "expired": 1000001721448877600
  },
  {
    "id": "6282389231318@s.whatsapp.net",
    "expired": 1731448024721
  },
  {
    "id": "⁨FLUXZ⁩@s.whatsapp.net",
    "expired": 1721458152081
  },
  {
    "id": "6282389231318@s.whatsapp.net",
    "expired": 1721458162514
  }
]